instant,dteday,season,yr,mnth,holiday,weekday,workingday,weathersit,temp,atemp,hum,windspeed,casual,registered,cnt
1,2011-01-01,1,0,1,0,6,0,2,34.4167,36.3625,0.805833,0.160446,331,654,985
2,2011-01-02,1,0,1,0,0,0,2,36.3478,35.3739,0.696087,0.248539,131,670,801
3,2011-01-03,1,0,1,0,1,1,1,19.6364,18.9405,0.437273,0.248309,120,1229,1349
4,2011-01-04,1,0,1,0,2,1,1,20.0,21.2122,0.590435,0.160296,108,1454,1562
5,2011-01-05,1,0,1,0,3,1,1,22.6957,22.927,0.436957,0.1869,82,1518,1600
6,2011-01-06,1,0,1,0,4,1,1,20.4348,23.3209,0.518261,0.0895652,88,1518,1606
7,2011-01-07,1,0,1,0,5,1,2,19.6522,20.8839,0.498696,0.168726,148,1362,1510
8,2011-01-08,1,0,1,0,6,0,2,16.5,16.2254,0.535833,0.266804,68,891,959
9,2011-01-09,1,0,1,0,0,0,1,13.833299999999998,11.6175,0.434167,0.36195,54,768,822
10,2011-01-10,1,0,1,0,1,1,1,15.0833,15.088800000000004,0.482917,0.223267,41,1280,1321
11,2011-01-11,1,0,1,0,2,1,2,16.909100000000002,19.146400000000003,0.6863640000000001,0.122132,43,1220,1263
12,2011-01-12,1,0,1,0,3,1,1,17.2727,16.0473,0.599545,0.304627,25,1137,1162
13,2011-01-13,1,0,1,0,4,1,1,16.5,15.088299999999998,0.470417,0.301,38,1368,1406
14,2011-01-14,1,0,1,0,5,1,1,16.087,18.8413,0.537826,0.126548,54,1367,1421
15,2011-01-15,1,0,1,0,6,0,2,23.3333,24.8112,0.49875,0.15796300000000002,222,1026,1248
16,2011-01-16,1,0,1,0,0,0,1,23.1667,23.4217,0.48375,0.188433,251,953,1204
17,2011-01-17,1,0,1,1,1,0,2,17.583299999999998,17.677100000000006,0.5375,0.194017,117,883,1000
18,2011-01-18,1,0,1,0,2,1,2,21.6667,23.2333,0.861667,0.146775,9,674,683
19,2011-01-19,1,0,1,0,3,1,2,29.2174,29.8422,0.741739,0.208317,78,1572,1650
20,2011-01-20,1,0,1,0,4,1,2,26.1667,25.505,0.538333,0.195904,83,1844,1927
21,2011-01-21,1,0,1,0,5,1,1,17.75,15.7833,0.457083,0.353242,75,1468,1543
22,2011-01-22,1,0,1,0,6,0,1,5.9130400000000005,7.9069600000000015,0.4,0.17197,93,888,981
23,2011-01-23,1,0,1,0,0,0,1,9.65217,9.883910000000002,0.436522,0.2466,150,836,986
24,2011-01-24,1,0,1,0,1,1,1,9.739130000000001,11.793,0.491739,0.15833,86,1330,1416
25,2011-01-25,1,0,1,0,2,1,2,22.3478,23.4526,0.616957,0.129796,186,1799,1985
26,2011-01-26,1,0,1,0,3,1,3,21.75,20.36,0.8625,0.29385,34,472,506
27,2011-01-27,1,0,1,0,4,1,1,19.5,21.97,0.6875,0.113837,15,416,431
28,2011-01-28,1,0,1,0,5,1,2,20.3478,22.3317,0.793043,0.1233,38,1129,1167
29,2011-01-29,1,0,1,0,6,0,1,19.6522,21.2126,0.6517390000000001,0.14536500000000002,123,975,1098
30,2011-01-30,1,0,1,0,0,0,1,21.6522,25.0322,0.722174,0.0739826,140,956,1096
31,2011-01-31,1,0,1,0,1,1,2,18.0833,18.625,0.60375,0.187192,42,1459,1501
32,2011-02-01,1,0,2,0,2,1,2,19.2174,23.453000000000007,0.829565,0.053213,47,1313,1360
33,2011-02-02,1,0,2,0,3,1,2,26.0,25.4417,0.775417,0.264308,72,1454,1526
34,2011-02-03,1,0,2,0,4,1,1,18.6957,17.7878,0.4378260000000001,0.277752,61,1489,1550
35,2011-02-04,1,0,2,0,5,1,2,21.1304,22.8587,0.585217,0.127839,88,1620,1708
36,2011-02-05,1,0,2,0,6,0,2,23.3333,24.3058,0.929167,0.161079,100,905,1005
37,2011-02-06,1,0,2,0,0,0,1,28.5833,29.1671,0.568333,0.1418,354,1269,1623
38,2011-02-07,1,0,2,0,1,1,1,27.1667,30.3658,0.738333,0.045408300000000006,120,1592,1712
39,2011-02-08,1,0,2,0,2,1,1,22.0833,19.8246,0.537917,0.36195,64,1466,1530
40,2011-02-09,1,0,2,0,3,1,2,13.4783,14.4283,0.494783,0.188839,53,1552,1605
41,2011-02-10,1,0,2,0,4,1,1,14.4348,14.954800000000002,0.437391,0.221935,47,1491,1538
42,2011-02-11,1,0,2,0,5,1,1,18.9091,21.3509,0.506364,0.10855,149,1597,1746
43,2011-02-12,1,0,2,0,6,0,1,22.25,23.2954,0.544167,0.203367,288,1184,1472
44,2011-02-13,1,0,2,0,0,0,1,31.6522,32.4113,0.457391,0.260883,397,1192,1589
45,2011-02-14,1,0,2,0,1,1,1,41.5,39.835,0.375833,0.417908,208,1705,1913
46,2011-02-15,1,0,2,0,2,1,1,26.608699999999995,25.4274,0.314348,0.291374,140,1675,1815
47,2011-02-16,1,0,2,0,3,1,1,31.8261,31.62,0.423478,0.251791,218,1897,2115
48,2011-02-17,1,0,2,0,4,1,1,43.5833,42.8658,0.505,0.230104,259,2216,2475
49,2011-02-18,1,0,2,0,5,1,1,52.1667,51.1983,0.516667,0.264925,579,2348,2927
50,2011-02-19,1,0,2,0,6,0,1,39.9167,39.1404,0.187917,0.507463,532,1103,1635
51,2011-02-20,1,0,2,0,0,0,1,28.5217,27.733,0.407826,0.223235,639,1173,1812
52,2011-02-21,1,0,2,1,1,0,2,30.3333,28.4075,0.605,0.307846,195,912,1107
53,2011-02-22,1,0,2,0,2,1,1,18.2222,18.6033,0.577778,0.195683,74,1376,1450
54,2011-02-23,1,0,2,0,3,1,1,22.1739,24.571700000000003,0.423043,0.094113,139,1778,1917
55,2011-02-24,1,0,2,0,4,1,2,29.565200000000004,28.9191,0.697391,0.250496,100,1707,1807
56,2011-02-25,1,0,2,0,5,1,2,36.4348,35.0461,0.712174,0.346539,120,1341,1461
57,2011-02-26,1,0,2,0,6,0,1,28.25,28.2192,0.537917,0.186571,424,1545,1969
58,2011-02-27,1,0,2,0,0,0,1,34.3478,35.1109,0.68,0.125248,694,1708,2402
59,2011-02-28,1,0,2,0,1,1,2,40.7273,40.0118,0.8763639999999999,0.289686,81,1365,1446
60,2011-03-01,1,0,3,0,2,1,1,26.6667,26.3879,0.535,0.216425,137,1714,1851
61,2011-03-02,1,0,3,0,3,1,1,33.5,32.0071,0.449583,0.307833,231,1903,2134
62,2011-03-03,1,0,3,0,4,1,1,19.8333,20.0133,0.318333,0.225754,123,1562,1685
63,2011-03-04,1,0,3,0,5,1,2,26.1667,25.5679,0.610417,0.203346,214,1730,1944
64,2011-03-05,1,0,3,0,6,0,2,38.4167,37.8779,0.789167,0.251871,640,1437,2077
65,2011-03-06,1,0,3,0,0,0,2,37.65219999999999,36.6252,0.948261,0.343287,114,491,605
66,2011-03-07,1,0,3,0,1,1,1,26.1739,23.8461,0.551304,0.341352,244,1628,1872
67,2011-03-08,1,0,3,0,2,1,1,29.25,30.24,0.420833,0.12065,316,1817,2133
68,2011-03-09,1,0,3,0,3,1,2,29.5833,28.6608,0.775417,0.22015,191,1700,1891
69,2011-03-10,1,0,3,0,4,1,3,38.9091,38.5668,0.0,0.261877,46,577,623
70,2011-03-11,1,0,3,0,5,1,2,31.6522,30.5,0.649565,0.23297,247,1730,1977
71,2011-03-12,1,0,3,0,6,0,1,32.9167,32.575,0.594583,0.220775,724,1408,2132
72,2011-03-13,1,0,3,0,0,0,1,38.4348,38.0091,0.5273909999999999,0.270604,982,1435,2417
73,2011-03-14,1,0,3,0,1,1,1,32.5217,33.2,0.496957,0.136926,359,1687,2046
74,2011-03-15,1,0,3,0,2,1,2,31.7391,31.8178,0.655652,0.184309,289,1767,2056
75,2011-03-16,1,0,3,0,3,1,2,36.5217,36.69300000000001,0.776522,0.203117,321,1871,2192
76,2011-03-17,1,0,3,0,4,1,1,41.5,41.0333,0.602917,0.209579,424,2320,2744
77,2011-03-18,1,0,3,0,5,1,1,54.0,52.7009,0.525217,0.231017,884,2355,3239
78,2011-03-19,1,0,3,0,6,0,1,47.25,46.6525,0.379167,0.368167,1424,1693,3117
79,2011-03-20,1,0,3,0,0,0,1,33.25,32.575,0.47375,0.207721,1047,1424,2471
80,2011-03-21,2,0,3,0,1,1,2,43.0435,40.9735,0.737391,0.288783,401,1676,2077
81,2011-03-22,2,0,3,0,2,1,1,44.16670000000001,44.06420000000001,0.624583,0.22575,460,2243,2703
82,2011-03-23,2,0,3,0,3,1,2,34.6957,33.7939,0.839565,0.234261,203,1918,2121
83,2011-03-24,2,0,3,0,4,1,2,28.5,27.0833,0.805833,0.243787,166,1699,1865
84,2011-03-25,2,0,3,0,5,1,1,26.4167,25.6312,0.495,0.230725,300,1910,2210
85,2011-03-26,2,0,3,0,6,0,1,26.5833,25.7571,0.394167,0.209571,981,1515,2496
86,2011-03-27,2,0,3,0,0,0,2,25.3043,25.0339,0.493913,0.1843,472,1221,1693
87,2011-03-28,2,0,3,0,1,1,1,26.434800000000006,25.7574,0.302174,0.212204,222,1806,2028
88,2011-03-29,2,0,3,0,2,1,1,30.25,29.2908,0.31416700000000003,0.226996,317,2108,2425
89,2011-03-30,2,0,3,0,3,1,2,30.0,29.735,0.646667,0.172888,168,1368,1536
90,2011-03-31,2,0,3,0,4,1,3,26.8333,25.7575,0.918333,0.217646,179,1506,1685
91,2011-04-01,2,0,4,0,5,1,2,30.0,28.3454,0.68625,0.258708,307,1920,2227
92,2011-04-02,2,0,4,0,6,0,2,31.5,31.5637,0.65375,0.197146,898,1354,2252
93,2011-04-03,2,0,4,0,0,0,1,37.8333,37.8767,0.48,0.182213,1651,1598,3249
94,2011-04-04,2,0,4,0,1,1,1,57.3333,54.2929,0.42625,0.385571,734,2381,3115
95,2011-04-05,2,0,4,0,2,1,2,41.4167,39.835,0.642083,0.388067,167,1628,1795
96,2011-04-06,2,0,4,0,3,1,1,39.0833,38.7608,0.470833,0.263063,413,2395,2808
97,2011-04-07,2,0,4,0,4,1,1,43.75,43.36960000000001,0.602917,0.16231199999999998,571,2570,3141
98,2011-04-08,2,0,4,0,5,1,2,33.5833,32.447900000000004,0.83625,0.226992,172,1299,1471
99,2011-04-09,2,0,4,0,6,0,2,34.25,34.152899999999995,0.8775,0.13308299999999998,879,1576,2455
100,2011-04-10,2,0,4,0,0,0,2,42.6667,42.6737,0.8575,0.146767,1188,1707,2895
101,2011-04-11,2,0,4,0,1,1,2,59.5652,56.5217,0.716956,0.324474,855,2493,3348
102,2011-04-12,2,0,4,0,2,1,2,50.24999999999999,49.3054,0.739167,0.274879,257,1777,2034
103,2011-04-13,2,0,4,0,3,1,2,41.25,41.7283,0.819167,0.25061700000000003,209,1953,2162
104,2011-04-14,2,0,4,0,4,1,1,46.75,46.2742,0.540417,0.1107,529,2738,3267
105,2011-04-15,2,0,4,1,5,0,1,44.6667,44.1913,0.67125,0.226375,642,2484,3126
106,2011-04-16,2,0,4,0,6,0,3,43.0833,42.5492,0.888333,0.340808,121,674,795
107,2011-04-17,2,0,4,0,0,0,1,45.6667,44.5696,0.479583,0.303496,1558,2186,3744
108,2011-04-18,2,0,4,0,1,1,1,51.24999999999999,50.3146,0.5425,0.16356700000000002,669,2760,3429
109,2011-04-19,2,0,4,0,2,1,2,50.5833,48.9258,0.665833,0.157971,409,2795,3204
110,2011-04-20,2,0,4,0,3,1,1,59.5,56.4392,0.614167,0.241925,613,3331,3944
111,2011-04-21,2,0,4,0,4,1,1,45.9167,45.3892,0.407083,0.325258,745,3444,4189
112,2011-04-22,2,0,4,0,5,1,2,33.6667,32.1954,0.729583,0.219521,177,1506,1683
113,2011-04-23,2,0,4,0,6,0,2,46.0,45.0121,0.887917,0.230725,1462,2574,4036
114,2011-04-24,2,0,4,0,0,0,2,58.16670000000001,55.1763,0.810833,0.192175,1710,2481,4191
115,2011-04-25,2,0,4,0,1,1,1,60.6667,57.45,0.776667,0.185333,773,3300,4073
116,2011-04-26,2,0,4,0,2,1,1,63.1667,59.4083,0.729167,0.3265,678,3722,4400
117,2011-04-27,2,0,4,0,3,1,2,62.0,57.5142,0.835417,0.3122,547,3325,3872
118,2011-04-28,2,0,4,0,4,1,2,61.75000000000001,57.8929,0.700833,0.320908,569,3489,4058
119,2011-04-29,2,0,4,0,5,1,1,51.0,49.7463,0.457083,0.240063,878,3717,4595
120,2011-04-30,2,0,4,0,6,0,1,47.25,46.4021,0.503333,0.235075,1965,3347,5312
121,2011-05-01,2,0,5,0,0,0,2,45.1667,44.8204,0.762083,0.106354,1138,2213,3351
122,2011-05-02,2,0,5,0,1,1,2,54.9167,53.2833,0.73,0.183454,847,3554,4401
123,2011-05-03,2,0,5,0,2,1,2,61.6667,58.2079,0.697083,0.342667,603,3848,4451
124,2011-05-04,2,0,5,0,3,1,2,41.4167,40.465,0.737083,0.328996,255,2378,2633
125,2011-05-05,2,0,5,0,4,1,1,45.9167,44.1917,0.444167,0.295392,614,3819,4433
126,2011-05-06,2,0,5,0,5,1,1,47.9167,47.4117,0.59,0.228246,894,3714,4608
127,2011-05-07,2,0,5,0,6,0,1,52.0,51.2621,0.54125,0.16045,1612,3102,4714
128,2011-05-08,2,0,5,0,0,0,1,52.8333,51.8933,0.631667,0.0746375,1401,2932,4333
129,2011-05-09,2,0,5,0,1,1,1,53.25,52.5246,0.58875,0.17600000000000002,664,3698,4362
130,2011-05-10,2,0,5,0,2,1,1,53.25,52.2721,0.489167,0.115671,694,4109,4803
131,2011-05-11,2,0,5,0,3,1,1,54.25,52.84,0.632917,0.120642,550,3632,4182
132,2011-05-12,2,0,5,0,4,1,1,53.5,52.3363,0.7475,0.189667,695,4169,4864
133,2011-05-13,2,0,5,0,5,1,2,51.24999999999999,49.43,0.863333,0.179725,692,3413,4105
134,2011-05-14,2,0,5,0,6,0,2,52.0833,50.0629,0.9225,0.13495,902,2507,3409
135,2011-05-15,2,0,5,0,0,0,2,56.25,53.6,0.867083,0.152979,1582,2971,4553
136,2011-05-16,2,0,5,0,1,1,1,57.75,55.0512,0.787917,0.126871,773,3185,3958
137,2011-05-17,2,0,5,0,2,1,2,56.16670000000001,53.85290000000001,0.837917,0.277354,678,3445,4123
138,2011-05-18,2,0,5,0,3,1,2,55.00000000000001,52.7158,0.87,0.201492,536,3319,3855
139,2011-05-19,2,0,5,0,4,1,2,53.0833,51.07420000000001,0.829583,0.10821300000000003,735,3840,4575
140,2011-05-20,2,0,5,0,5,1,1,53.6667,52.9042,0.719583,0.125013,909,4008,4917
141,2011-05-21,2,0,5,0,6,0,1,60.25,57.1975,0.626667,0.12065,2258,3547,5805
142,2011-05-22,2,0,5,0,0,0,1,60.4167,57.45,0.749583,0.148008,1576,3084,4660
143,2011-05-23,2,0,5,0,1,1,2,63.1667,59.0296,0.81,0.233842,836,3438,4274
144,2011-05-24,2,0,5,0,2,1,2,66.0,60.48130000000001,0.740833,0.207092,659,3833,4492
145,2011-05-25,2,0,5,0,3,1,1,66.0833,61.5542,0.69625,0.15423299999999998,740,4238,4978
146,2011-05-26,2,0,5,0,4,1,1,70.8333,65.4688,0.6775,0.199642,758,3919,4677
147,2011-05-27,2,0,5,0,5,1,1,68.1667,63.7008,0.65375,0.240679,871,3808,4679
148,2011-05-28,2,0,5,0,6,0,1,65.5833,61.2379,0.729583,0.230092,2001,2757,4758
149,2011-05-29,2,0,5,0,0,0,1,66.75,61.55500000000001,0.81875,0.213938,2355,2433,4788
150,2011-05-30,2,0,5,1,1,0,1,73.33330000000002,67.1092,0.685,0.131225,1549,2549,4098
151,2011-05-31,2,0,5,0,2,1,1,77.5,72.5383,0.636667,0.111329,673,3309,3982
152,2011-06-01,2,0,6,0,3,1,2,76.4167,72.0967,0.677083,0.207092,513,3461,3974
153,2011-06-02,2,0,6,0,4,1,1,71.5,64.3942,0.305,0.292287,736,4232,4968
154,2011-06-03,2,0,6,0,5,1,1,62.0,58.7133,0.354167,0.253121,898,4414,5312
155,2011-06-04,2,0,6,0,6,0,1,63.5,59.4696,0.45625,0.123142,1869,3473,5342
156,2011-06-05,2,0,6,0,0,0,2,64.83330000000001,61.6804,0.6525,0.138692,1685,3221,4906
157,2011-06-06,2,0,6,0,1,1,1,67.8333,62.1858,0.6,0.121896,673,3875,4548
158,2011-06-07,2,0,6,0,2,1,1,70.75,65.595,0.597917,0.187808,763,4070,4833
159,2011-06-08,2,0,6,0,3,1,1,77.5833,72.7279,0.6220829999999999,0.136817,676,3725,4401
160,2011-06-09,2,0,6,0,4,1,2,80.8333,75.7579,0.568333,0.149883,563,3352,3915
161,2011-06-10,2,0,6,0,5,1,1,75.5,70.3292,0.605,0.14055399999999998,815,3771,4586
162,2011-06-11,2,0,6,0,6,0,1,72.5,67.80380000000001,0.654583,0.15485,1729,3237,4966
163,2011-06-12,2,0,6,0,0,0,1,69.25,64.33250000000001,0.747917,0.16356700000000002,1467,2993,4460
164,2011-06-13,2,0,6,0,1,1,1,63.5,60.16540000000001,0.494583,0.30535,863,4157,5020
165,2011-06-14,2,0,6,0,2,1,1,60.4167,59.1546,0.507083,0.269283,727,4164,4891
166,2011-06-15,2,0,6,0,3,1,1,62.6667,58.7754,0.471667,0.16791199999999998,769,4411,5180
167,2011-06-16,2,0,6,0,4,1,2,62.8333,59.53460000000001,0.688333,0.206471,545,3222,3767
168,2011-06-17,2,0,6,0,5,1,1,64.9167,60.0383,0.735833,0.143029,863,3981,4844
169,2011-06-18,2,0,6,0,6,0,1,69.6667,64.39540000000001,0.670417,0.119408,1807,3312,5119
170,2011-06-19,2,0,6,0,0,0,2,69.91669999999999,64.58460000000001,0.666667,0.102,1639,3105,4744
171,2011-06-20,2,0,6,0,1,1,2,63.5,59.53460000000001,0.74625,0.155475,699,3311,4010
172,2011-06-21,3,0,6,0,2,1,2,68.08330000000001,63.7646,0.770417,0.171025,774,4061,4835
173,2011-06-22,3,0,6,0,3,1,1,73.33330000000002,69.3829,0.7075,0.172262,661,3846,4507
174,2011-06-23,3,0,6,0,4,1,2,72.8333,69.3833,0.703333,0.238804,746,4044,4790
175,2011-06-24,3,0,6,0,5,1,1,72.4167,65.6583,0.573333,0.222025,969,4022,4991
176,2011-06-25,3,0,6,0,6,0,1,69.5,64.3313,0.483333,0.209571,1782,3420,5202
177,2011-06-26,3,0,6,0,0,0,1,68.0,63.7629,0.513333,0.0945333,1920,3385,5305
178,2011-06-27,3,0,6,0,1,1,2,68.25,63.7004,0.658333,0.10758800000000003,854,3854,4708
179,2011-06-28,3,0,6,0,2,1,1,74.4167,69.2558,0.634167,0.144283,732,3916,4648
180,2011-06-29,3,0,6,0,3,1,1,72.8333,65.4688,0.497917,0.261821,848,4377,5225
181,2011-06-30,3,0,6,0,4,1,1,69.6667,63.7008,0.434167,0.185312,1027,4488,5515
182,2011-07-01,3,0,7,0,5,1,1,72.25,65.2162,0.39625,0.102608,1246,4116,5362
183,2011-07-02,3,0,7,0,6,0,1,73.83330000000002,66.7308,0.444583,0.11506199999999997,2204,2915,5119
184,2011-07-03,3,0,7,0,0,0,2,71.6667,66.8575,0.6825,0.228858,2282,2367,4649
185,2011-07-04,3,0,7,1,1,0,2,72.66669999999998,66.5417,0.637917,0.08147919999999999,3065,2978,6043
186,2011-07-05,3,0,7,0,2,1,1,74.66669999999998,69.63380000000001,0.590417,0.12625799999999998,1031,3634,4665
187,2011-07-06,3,0,7,0,3,1,1,72.0,68.5633,0.743333,0.149883,784,3845,4629
188,2011-07-07,3,0,7,0,4,1,1,75.0,68.6871,0.65125,0.1592,754,3838,4592
189,2011-07-08,3,0,7,0,5,1,2,70.9167,67.0483,0.757917,0.225129,692,3348,4040
190,2011-07-09,3,0,7,0,6,0,1,73.33330000000002,66.4158,0.609167,0.16791199999999998,1988,3348,5336
191,2011-07-10,3,0,7,0,0,0,1,74.75,69.0025,0.578333,0.183471,1743,3138,4881
192,2011-07-11,3,0,7,0,1,1,1,76.25,72.9804,0.635833,0.282337,723,3363,4086
193,2011-07-12,3,0,7,0,2,1,1,79.41669999999998,73.9275,0.559167,0.200254,662,3596,4258
194,2011-07-13,3,0,7,0,3,1,1,74.66669999999998,68.9404,0.631667,0.146133,748,3594,4342
195,2011-07-14,3,0,7,0,4,1,1,68.08330000000001,63.5104,0.47625,0.240667,888,4196,5084
196,2011-07-15,3,0,7,0,5,1,1,66.3333,62.4371,0.59125,0.182833,1318,4220,5538
197,2011-07-16,3,0,7,0,6,0,1,68.6667,63.8263,0.585,0.208342,2418,3505,5923
198,2011-07-17,3,0,7,0,0,0,1,71.9167,66.9833,0.604167,0.245033,2006,3296,5302
199,2011-07-18,3,0,7,0,1,1,1,74.66669999999998,70.3925,0.65125,0.215804,841,3617,4458
200,2011-07-19,3,0,7,0,2,1,1,77.6667,74.7479,0.650417,0.1306,752,3789,4541
201,2011-07-20,3,0,7,0,3,1,1,76.83330000000002,74.685,0.707083,0.113817,644,3688,4332
202,2011-07-21,3,0,7,0,4,1,2,81.5,82.6371,0.69125,0.222021,632,3152,3784
203,2011-07-22,3,0,7,0,5,1,1,84.8333,84.08959999999998,0.580417,0.1331,562,2825,3387
204,2011-07-23,3,0,7,0,6,0,1,84.9167,80.42869999999998,0.5,0.131221,987,2298,3285
205,2011-07-24,3,0,7,0,0,0,1,83.0,79.4829,0.550833,0.16917100000000002,1050,2556,3606
206,2011-07-25,3,0,7,0,1,1,1,74.33330000000002,72.0958,0.757083,0.0908083,568,3272,3840
207,2011-07-26,3,0,7,0,2,1,1,77.1667,69.6979,0.540833,0.200258,750,3840,4590
208,2011-07-27,3,0,7,0,3,1,1,77.5,69.0667,0.402917,0.183463,755,3901,4656
209,2011-07-28,3,0,7,0,4,1,1,77.9167,73.99,0.583333,0.178479,606,3784,4390
210,2011-07-29,3,0,7,0,5,1,1,83.8333,78.5967,0.5425,0.174138,670,3176,3846
211,2011-07-30,3,0,7,0,6,0,1,80.41669999999998,72.8537,0.465833,0.168537,1559,2916,4475
212,2011-07-31,3,0,7,0,0,0,1,80.58330000000002,72.9796,0.480833,0.16481300000000002,1524,2778,4302
213,2011-08-01,3,0,8,0,1,1,1,77.1667,70.3292,0.550833,0.156717,729,3537,4266
214,2011-08-02,3,0,8,0,2,1,1,78.3333,70.7071,0.49125,0.20585,801,4044,4845
215,2011-08-03,3,0,8,0,3,1,2,73.16669999999998,67.9937,0.6575,0.13558299999999998,467,3107,3574
216,2011-08-04,3,0,8,0,4,1,2,71.0,66.4788,0.7575,0.19715,799,3777,4576
217,2011-08-05,3,0,8,0,5,1,1,71.08330000000002,65.6567,0.630833,0.184696,1023,3843,4866
218,2011-08-06,3,0,8,0,6,0,2,71.6667,67.61540000000001,0.755,0.22825,1521,2773,4294
219,2011-08-07,3,0,8,0,0,0,1,74.25,71.5292,0.7529170000000001,0.201487,1298,2487,3785
220,2011-08-08,3,0,8,0,1,1,1,76.5,70.3283,0.592083,0.192175,846,3480,4326
221,2011-08-09,3,0,8,0,2,1,1,77.5,72.4121,0.570417,0.151121,907,3695,4602
222,2011-08-10,3,0,8,0,3,1,1,76.66669999999998,68.4983,0.424167,0.200258,884,3896,4780
223,2011-08-11,3,0,8,0,4,1,1,71.75,65.1521,0.42375,0.164796,812,3980,4792
224,2011-08-12,3,0,8,0,5,1,1,70.8333,65.4042,0.415,0.125621,1051,3854,4905
225,2011-08-13,3,0,8,0,6,0,2,68.58330000000001,64.5858,0.729583,0.211454,1504,2646,4150
226,2011-08-14,3,0,8,0,0,0,2,67.6667,62.43880000000001,0.8175,0.222633,1338,2482,3820
227,2011-08-15,3,0,8,0,1,1,1,66.5833,61.6167,0.712083,0.208954,775,3563,4338
228,2011-08-16,3,0,8,0,2,1,1,70.08330000000001,64.5837,0.578333,0.236329,721,4004,4725
229,2011-08-17,3,0,8,0,3,1,1,72.3333,66.6671,0.575417,0.14366700000000002,668,4026,4694
230,2011-08-18,3,0,8,0,4,1,1,71.1667,66.2258,0.654583,0.233208,639,3166,3805
231,2011-08-19,3,0,8,0,5,1,2,68.5,63.322100000000006,0.722917,0.139308,797,3356,4153
232,2011-08-20,3,0,8,0,6,0,1,69.75,64.8996,0.674167,0.104467,1914,3277,5191
233,2011-08-21,3,0,8,0,0,0,1,71.08330000000002,67.55250000000001,0.77,0.248754,1249,2624,3873
234,2011-08-22,3,0,8,0,1,1,1,69.1667,63.8254,0.47,0.27675,833,3925,4758
235,2011-08-23,3,0,8,0,2,1,1,64.0833,60.6067,0.455417,0.146763,1281,4614,5895
236,2011-08-24,3,0,8,0,3,1,1,67.3333,63.0692,0.605,0.253108,949,4181,5130
237,2011-08-25,3,0,8,0,4,1,2,68.41669999999999,64.5854,0.771667,0.210833,435,3107,3542
238,2011-08-26,3,0,8,0,5,1,1,70.0,65.9733,0.76125,0.0839625,768,3893,4661
239,2011-08-27,3,0,8,0,6,0,2,68.0,63.5556,0.85,0.375617,226,889,1115
240,2011-08-28,3,0,8,0,0,0,1,70.7059,64.7959,0.561765,0.304659,1415,2919,4334
241,2011-08-29,3,0,8,0,1,1,1,63.6667,60.7958,0.554583,0.159825,729,3905,4634
242,2011-08-30,3,0,8,0,2,1,1,63.91670000000001,59.4704,0.548333,0.12500799999999998,775,4429,5204
243,2011-08-31,3,0,8,0,3,1,1,65.6667,61.11210000000001,0.597917,0.08333330000000001,688,4370,5058
244,2011-09-01,3,0,9,0,4,1,1,65.5,61.49210000000001,0.639167,0.141796,783,4332,5115
245,2011-09-02,3,0,9,0,5,1,2,64.33330000000001,60.4808,0.727083,0.139929,875,3852,4727
246,2011-09-03,3,0,9,0,6,0,1,66.91669999999999,63.3213,0.716667,0.185325,1935,2549,4484
247,2011-09-04,3,0,9,0,0,0,1,70.9167,66.5429,0.742083,0.206467,2521,2419,4940
248,2011-09-05,3,0,9,1,1,0,2,67.3333,62.56460000000001,0.790417,0.212696,1236,2115,3351
249,2011-09-06,3,0,9,0,2,1,3,54.0,51.52,0.886957,0.343943,204,2506,2710
250,2011-09-07,3,0,9,0,3,1,3,59.9167,54.4229,0.917083,0.0970208,118,1878,1996
251,2011-09-08,3,0,9,0,4,1,3,63.39130000000001,55.5361,0.939565,0.192748,153,1689,1842
252,2011-09-09,3,0,9,0,5,1,2,65.0,57.8946,0.897917,0.124379,417,3127,3544
253,2011-09-10,3,0,9,0,6,0,1,66.0,60.7962,0.75375,0.153608,1750,3595,5345
254,2011-09-11,3,0,9,0,0,0,1,65.3333,60.9229,0.71375,0.115054,1633,3413,5046
255,2011-09-12,3,0,9,0,1,1,1,64.4348,60.21300000000001,0.692174,0.088913,690,4023,4713
256,2011-09-13,3,0,9,0,2,1,1,65.0833,60.3554,0.7125,0.141804,701,4062,4763
257,2011-09-14,3,0,9,0,3,1,1,67.3333,62.69,0.697083,0.1673,647,4138,4785
258,2011-09-15,3,0,9,0,4,1,2,57.75,55.3671,0.709167,0.271146,428,3231,3659
259,2011-09-16,3,0,9,0,5,1,2,46.9167,46.1475,0.590417,0.164183,742,4018,4760
260,2011-09-17,3,0,9,0,6,0,2,49.1667,47.8512,0.718333,0.189675,1434,3077,4511
261,2011-09-18,3,0,9,0,0,0,1,50.74999999999999,49.0537,0.695,0.178483,1353,2921,4274
262,2011-09-19,3,0,9,0,1,1,2,54.9167,52.9675,0.69,0.15174200000000002,691,3848,4539
263,2011-09-20,3,0,9,0,2,1,2,56.16670000000001,53.22170000000001,0.88125,0.134954,438,3203,3641
264,2011-09-21,3,0,9,0,3,1,2,59.5,55.05329999999999,0.9,0.0964042,539,3813,4352
265,2011-09-22,3,0,9,0,4,1,2,62.8333,55.4963,0.902083,0.128125,555,4240,4795
266,2011-09-23,4,0,9,0,5,1,2,60.9167,52.21249999999999,0.9725,0.0783667,258,2137,2395
267,2011-09-24,4,0,9,0,6,0,2,60.6667,56.4412,0.8625,0.0783833,1776,3647,5423
268,2011-09-25,4,0,9,0,0,0,2,63.41670000000001,57.26369999999999,0.845,0.0503792,1544,3466,5010
269,2011-09-26,4,0,9,0,1,1,2,64.9167,58.9042,0.848333,0.1107,684,3946,4630
270,2011-09-27,4,0,9,0,2,1,2,63.6667,57.45249999999999,0.885417,0.118171,477,3643,4120
271,2011-09-28,4,0,9,0,3,1,2,63.5,57.51579999999999,0.84875,0.14862899999999998,480,3427,3907
272,2011-09-29,4,0,9,0,4,1,1,61.6667,57.4512,0.699167,0.17288299999999998,653,4186,4839
273,2011-09-30,4,0,9,0,5,1,1,56.4167,54.4829,0.6475,0.206475,830,4372,5202
274,2011-10-01,4,0,10,0,6,0,2,41.0,41.2863,0.75375,0.292296,480,1949,2429
275,2011-10-02,4,0,10,0,0,0,2,35.6667,34.5317,0.791667,0.222013,616,2302,2918
276,2011-10-03,4,0,10,0,1,1,2,38.4167,39.2046,0.760833,0.08334580000000001,330,3240,3570
277,2011-10-04,4,0,10,0,2,1,1,48.4167,47.2858,0.71,0.205854,486,3970,4456
278,2011-10-05,4,0,10,0,3,1,1,53.8333,52.7138,0.647917,0.17725,559,4267,4826
279,2011-10-06,4,0,10,0,4,1,1,49.41670000000001,48.0425,0.620833,0.134954,639,4126,4765
280,2011-10-07,4,0,10,0,5,1,1,51.0833,50.4404,0.684167,0.0223917,949,4036,4985
281,2011-10-08,4,0,10,0,6,0,1,52.1667,51.3242,0.70125,0.0454042,2235,3174,5409
282,2011-10-09,4,0,10,0,0,0,1,54.0833,52.3983,0.7275,0.06345,2397,3114,5511
283,2011-10-10,4,0,10,1,1,0,1,57.0833,54.2925,0.73375,0.0423042,1514,3603,5117
284,2011-10-11,4,0,10,0,2,1,2,56.66670000000001,54.6096,0.80875,0.143042,667,3896,4563
285,2011-10-12,4,0,10,0,3,1,3,54.3333,51.7717,0.90625,0.24815,217,2199,2416
286,2011-10-13,4,0,10,0,4,1,2,58.9167,55.1804,0.896667,0.141787,290,2623,2913
287,2011-10-14,4,0,10,0,5,1,2,55.0833,52.9675,0.71625,0.223883,529,3115,3644
288,2011-10-15,4,0,10,0,6,0,1,50.6667,49.8725,0.483333,0.258083,1899,3318,5217
289,2011-10-16,4,0,10,0,0,0,1,51.1667,50.3154,0.486667,0.281717,1748,3293,5041
290,2011-10-17,4,0,10,0,1,1,1,53.41670000000001,51.0725,0.579583,0.175379,713,3857,4570
291,2011-10-18,4,0,10,0,2,1,2,53.25,52.2721,0.701667,0.110087,637,4111,4748
292,2011-10-19,4,0,10,0,3,1,3,54.17390000000001,51.3848,0.895217,0.243339,254,2170,2424
293,2011-10-20,4,0,10,0,4,1,1,47.5833,46.6525,0.63625,0.422275,471,3724,4195
294,2011-10-21,4,0,10,0,5,1,1,42.75,42.3596,0.574167,0.221396,676,3628,4304
295,2011-10-22,4,0,10,0,6,0,1,42.25,42.5492,0.629167,0.0926667,1499,2809,4308
296,2011-10-23,4,0,10,0,0,0,1,42.1667,42.2333,0.74125,0.0995125,1619,2762,4381
297,2011-10-24,4,0,10,0,1,1,1,46.3333,45.7067,0.772083,0.118792,699,3488,4187
298,2011-10-25,4,0,10,0,2,1,1,47.1667,46.3375,0.622917,0.166658,695,3992,4687
299,2011-10-26,4,0,10,0,3,1,2,48.4167,47.2846,0.720417,0.148642,404,3490,3894
300,2011-10-27,4,0,10,0,4,1,2,47.0,45.7046,0.812917,0.197763,240,2419,2659
301,2011-10-28,4,0,10,0,5,1,2,33.0833,31.8812,0.585833,0.229479,456,3291,3747
302,2011-10-29,4,0,10,0,6,0,3,25.4167,22.7913,0.8825,0.351371,57,570,627
303,2011-10-30,4,0,10,0,0,0,1,31.9167,32.1329,0.62375,0.176617,885,2446,3331
304,2011-10-31,4,0,10,0,1,1,1,34.0,35.60630000000001,0.703333,0.10635,362,3307,3669
305,2011-11-01,4,0,11,0,2,1,1,40.0833,39.7088,0.68375,0.135571,410,3658,4068
306,2011-11-02,4,0,11,0,3,1,1,37.75,39.0133,0.71875,0.08209169999999999,370,3816,4186
307,2011-11-03,4,0,11,0,4,1,1,40.8333,40.5921,0.702083,0.136817,318,3656,3974
308,2011-11-04,4,0,11,0,5,1,2,40.3333,40.33920000000001,0.6225,0.271779,470,3576,4046
309,2011-11-05,4,0,11,0,6,0,1,32.6667,32.3854,0.519167,0.189062,1156,2770,3926
310,2011-11-06,4,0,11,0,0,0,1,34.8333,36.23580000000001,0.734583,0.0920542,952,2697,3649
311,2011-11-07,4,0,11,0,1,1,1,39.5,40.0871,0.75875,0.057225,373,3662,4035
312,2011-11-08,4,0,11,0,2,1,1,40.8333,41.2246,0.7216670000000001,0.0690375,376,3829,4205
313,2011-11-09,4,0,11,0,3,1,1,40.0,40.9079,0.758333,0.06219580000000001,305,3804,4109
314,2011-11-10,4,0,11,0,4,1,2,38.0,37.3721,0.813333,0.189067,190,2743,2933
315,2011-11-11,4,0,11,1,5,0,1,32.4167,30.6817,0.44625,0.314675,440,2928,3368
316,2011-11-12,4,0,11,0,6,0,1,35.6667,35.7942,0.552917,0.212062,1275,2792,4067
317,2011-11-13,4,0,11,0,0,0,1,44.0833,43.055,0.458333,0.281721,1004,2713,3717
318,2011-11-14,4,0,11,0,1,1,1,53.0,52.4612,0.587083,0.306596,595,3891,4486
319,2011-11-15,4,0,11,0,2,1,2,53.0,50.7579,0.68875,0.199633,449,3746,4195
320,2011-11-16,4,0,11,0,3,1,3,45.6667,45.1988,0.93,0.136829,145,1672,1817
321,2011-11-17,4,0,11,0,4,1,2,34.1667,32.3221,0.575833,0.305362,139,2914,3053
322,2011-11-18,4,0,11,0,5,1,1,27.4167,27.2721,0.41,0.168533,245,3147,3392
323,2011-11-19,4,0,11,0,6,0,1,32.9167,32.4483,0.502083,0.224496,943,2720,3663
324,2011-11-20,4,0,11,0,0,0,2,46.3333,45.7058,0.6845829999999999,0.18595,787,2733,3520
325,2011-11-21,4,0,11,0,1,1,3,44.75,44.5062,0.91,0.138054,220,2545,2765
326,2011-11-22,4,0,11,0,2,1,3,41.6667,42.1696,0.9625,0.118792,69,1538,1607
327,2011-11-23,4,0,11,0,3,1,2,44.0833,43.0537,0.757917,0.335825,112,2454,2566
328,2011-11-24,4,0,11,1,4,0,1,37.3333,37.2471,0.549167,0.167304,560,935,1495
329,2011-11-25,4,0,11,0,5,1,1,37.5,38.0671,0.64375,0.0988958,1095,1697,2792
330,2011-11-26,4,0,11,0,6,0,1,37.5833,38.50870000000001,0.681667,0.0684208,1249,1819,3068
331,2011-11-27,4,0,11,0,0,0,1,45.9167,45.58,0.698333,0.208954,810,2261,3071
332,2011-11-28,4,0,11,0,1,1,1,50.3478,49.0122,0.743043,0.142122,253,3614,3867
333,2011-11-29,4,0,11,0,2,1,2,45.8333,45.1375,0.830833,0.258092,96,2818,2914
334,2011-11-30,4,0,11,0,3,1,1,32.5,31.122100000000003,0.613333,0.271158,188,3425,3613
335,2011-12-01,4,0,12,0,4,1,1,31.25,30.5554,0.524583,0.220158,182,3545,3727
336,2011-12-02,4,0,12,0,5,1,1,31.4167,33.1433,0.625833,0.100754,268,3672,3940
337,2011-12-03,4,0,12,0,6,0,1,29.9167,31.0604,0.612917,0.0957833,706,2908,3614
338,2011-12-04,4,0,12,0,0,0,1,33.0833,34.910000000000004,0.775833,0.08395830000000001,634,2851,3485
339,2011-12-05,4,0,12,0,1,1,2,38.5833,39.39250000000001,0.827083,0.062208300000000015,233,3578,3811
340,2011-12-06,4,0,12,0,2,1,3,46.25,45.64,0.949583,0.232583,126,2468,2594
341,2011-12-07,4,0,12,0,3,1,3,41.0,40.0246,0.970417,0.266175,50,655,705
342,2011-12-08,4,0,12,0,4,1,1,26.5833,25.6938,0.58,0.240058,150,3172,3322
343,2011-12-09,4,0,12,0,5,1,1,29.0833,31.7542,0.695833,0.08271669999999999,261,3359,3620
344,2011-12-10,4,0,12,0,6,0,1,27.500000000000004,26.6412,0.5075,0.233221,502,2688,3190
345,2011-12-11,4,0,12,0,0,0,1,22.0833,25.3154,0.49,0.0665417,377,2366,2743
346,2011-12-12,4,0,12,0,1,1,1,23.8333,27.0196,0.670833,0.06345,143,3167,3310
347,2011-12-13,4,0,12,0,2,1,1,28.25,30.1138,0.59,0.14055,155,3368,3523
348,2011-12-14,4,0,12,0,3,1,2,31.75,33.8362,0.66375,0.060958300000000014,178,3562,3740
349,2011-12-15,4,0,12,0,4,1,2,42.25,41.2237,0.634167,0.268042,181,3528,3709
350,2011-12-16,4,0,12,0,5,1,2,37.5,35.9825,0.500417,0.260575,178,3399,3577
351,2011-12-17,4,0,12,0,6,0,2,25.8333,24.9371,0.560833,0.243167,275,2464,2739
352,2011-12-18,4,0,12,0,0,0,1,23.8333,24.5579,0.58625,0.169779,220,2211,2431
353,2011-12-19,4,0,12,0,1,1,1,27.6667,28.0933,0.6375,0.172896,260,3143,3403
354,2011-12-20,4,0,12,0,2,1,2,38.5833,39.6454,0.595417,0.061570800000000016,216,3534,3750
355,2011-12-21,1,0,12,0,3,1,2,42.8333,42.8017,0.858333,0.2214,107,2553,2660
356,2011-12-22,1,0,12,0,4,1,2,42.3333,42.61210000000001,0.7575,0.047275,227,2841,3068
357,2011-12-23,1,0,12,0,5,1,1,37.3333,37.7513,0.68625,0.274246,163,2046,2209
358,2011-12-24,1,0,12,0,6,0,1,30.25,29.9242,0.5425,0.190304,155,856,1011
359,2011-12-25,1,0,12,0,0,0,1,27.4783,27.9961,0.681304,0.155091,303,451,754
360,2011-12-26,1,0,12,1,1,0,1,32.1739,31.5535,0.506957,0.239465,430,887,1317
361,2011-12-27,1,0,12,0,2,1,2,32.5,32.7633,0.7625,0.18845,103,1059,1162
362,2011-12-28,1,0,12,0,3,1,1,29.913,27.9974,0.503913,0.29396100000000003,255,2047,2302
363,2011-12-29,1,0,12,0,4,1,1,24.8333,26.3892,0.574167,0.119412,254,2169,2423
364,2011-12-30,1,0,12,0,5,1,1,31.1667,31.8812,0.636667,0.13433699999999998,491,2508,2999
365,2011-12-31,1,0,12,0,6,0,1,41.0,41.4121,0.615833,0.220154,665,1820,2485
366,2012-01-01,1,1,1,0,0,0,1,37.0,37.5621,0.6925,0.192167,686,1608,2294
367,2012-01-02,1,1,1,1,1,0,1,27.3043,25.2304,0.381304,0.329665,244,1707,1951
368,2012-01-03,1,1,1,0,2,1,1,15.0,12.6275,0.44125,0.365671,89,2147,2236
369,2012-01-04,1,1,1,0,3,1,2,10.75,11.933699999999998,0.414583,0.1847,95,2273,2368
370,2012-01-05,1,1,1,0,4,1,1,26.5833,27.8412,0.524167,0.129987,140,3132,3272
371,2012-01-06,1,1,1,0,5,1,1,33.4167,34.0267,0.542083,0.167908,307,3791,4098
372,2012-01-07,1,1,1,0,6,0,1,39.3333,39.0779,0.531667,0.174758,1070,3451,4521
373,2012-01-08,1,1,1,0,0,0,1,33.75,34.025800000000004,0.465,0.191542,599,2826,3425
374,2012-01-09,1,1,1,0,1,1,2,22.4167,24.7479,0.701667,0.0989,106,2270,2376
375,2012-01-10,1,1,1,0,2,1,1,30.8696,31.8826,0.646522,0.187552,173,3425,3598
376,2012-01-11,1,1,1,0,3,1,2,27.4167,28.2821,0.8475,0.131221,92,2085,2177
377,2012-01-12,1,1,1,0,4,1,2,38.25,38.1938,0.802917,0.180967,269,3828,4097
378,2012-01-13,1,1,1,0,5,1,1,27.4167,24.9362,0.5075,0.378108,174,3040,3214
379,2012-01-14,1,1,1,0,6,0,1,18.0,18.3087,0.4575,0.187183,333,2160,2493
380,2012-01-15,1,1,1,0,0,0,1,16.666700000000002,16.162499999999998,0.419167,0.251258,284,2027,2311
381,2012-01-16,1,1,1,1,1,0,1,19.0,19.0663,0.5225,0.231358,217,2081,2298
382,2012-01-17,1,1,1,0,2,1,2,37.3043,36.42780000000001,0.716087,0.34913,127,2808,2935
383,2012-01-18,1,1,1,0,3,1,1,30.3333,27.5254,0.443333,0.415429,109,3267,3376
384,2012-01-19,1,1,1,0,4,1,1,19.0,19.0038,0.4975,0.220158,130,3162,3292
385,2012-01-20,1,1,1,0,5,1,2,21.75,22.0958,0.45,0.20275,115,3048,3163
386,2012-01-21,1,1,1,0,6,0,2,17.333299999999998,17.4875,0.83125,0.222642,67,1234,1301
387,2012-01-22,1,1,1,0,0,0,2,16.25,16.225,0.79625,0.199638,196,1781,1977
388,2012-01-23,1,1,1,0,1,1,2,21.8333,24.3058,0.91125,0.110708,145,2287,2432
389,2012-01-24,1,1,1,0,2,1,1,34.25,34.910799999999995,0.835833,0.123767,439,3900,4339
390,2012-01-25,1,1,1,0,3,1,1,29.4167,29.4821,0.64375,0.161071,467,3803,4270
391,2012-01-26,1,1,1,0,4,1,2,34.1667,35.605,0.769583,0.07339580000000001,244,3831,4075
392,2012-01-27,1,1,1,0,5,1,2,42.5,41.5383,0.74125,0.342667,269,3187,3456
393,2012-01-28,1,1,1,0,6,0,1,31.5833,32.637899999999995,0.543333,0.210829,775,3248,4023
394,2012-01-29,1,1,1,0,0,0,1,28.25,27.2721,0.31125,0.24005,558,2685,3243
395,2012-01-30,1,1,1,0,1,1,1,26.9167,26.2625,0.400833,0.215792,126,3498,3624
396,2012-01-31,1,1,1,0,2,1,1,39.0,38.1317,0.416667,0.261817,324,4185,4509
397,2012-02-01,1,1,2,0,3,1,1,46.9167,46.6538,0.507917,0.189067,304,4275,4579
398,2012-02-02,1,1,2,0,4,1,2,39.9167,39.8971,0.672917,0.187187,190,3571,3761
399,2012-02-03,1,1,2,0,5,1,1,31.3333,30.9346,0.526667,0.17849600000000002,310,3841,4151
400,2012-02-04,1,1,2,0,6,0,2,26.4167,27.2725,0.779583,0.121896,384,2448,2832
401,2012-02-05,1,1,2,0,0,0,2,26.5833,26.4521,0.687917,0.175996,318,2629,2947
402,2012-02-06,1,1,2,0,1,1,1,28.2609,29.6426,0.622174,0.1538,206,3578,3784
403,2012-02-07,1,1,2,0,2,1,1,35.4167,36.1104,0.49625,0.147379,199,4176,4375
404,2012-02-08,1,1,2,0,3,1,2,25.6667,26.642100000000006,0.722917,0.133721,109,2693,2802
405,2012-02-09,1,1,2,0,4,1,1,26.5,26.1988,0.562083,0.194037,163,3667,3830
406,2012-02-10,1,1,2,0,5,1,2,28.0833,29.3558,0.54,0.116929,227,3604,3831
407,2012-02-11,1,1,2,0,6,0,3,22.4167,21.0867,0.73125,0.289796,192,1977,2169
408,2012-02-12,1,1,2,0,0,0,1,12.75,10.1658,0.464583,0.409212,73,1456,1529
409,2012-02-13,1,1,2,0,1,1,1,22.25,22.7913,0.41125,0.167283,94,3328,3422
410,2012-02-14,1,1,2,0,2,1,2,31.9167,33.394600000000004,0.50875,0.141179,135,3787,3922
411,2012-02-15,1,1,2,0,3,1,1,34.8333,35.16289999999999,0.53125,0.1816,141,4028,4169
412,2012-02-16,1,1,2,0,4,1,2,31.6667,33.0162,0.7529170000000001,0.091425,74,2931,3005
413,2012-02-17,1,1,2,0,5,1,1,34.3333,35.16289999999999,0.634583,0.205846,349,3805,4154
414,2012-02-18,1,1,2,0,6,0,1,34.6667,35.5425,0.534583,0.190929,1435,2883,4318
415,2012-02-19,1,1,2,0,0,0,2,28.000000000000004,26.5788,0.515833,0.253112,618,2071,2689
416,2012-02-20,1,1,2,1,1,0,1,28.000000000000004,27.3391,0.507826,0.229083,502,2627,3129
417,2012-02-21,1,1,2,0,2,1,1,28.7826,29.5113,0.594348,0.205717,163,3614,3777
418,2012-02-22,1,1,2,0,3,1,1,39.5833,39.2667,0.567917,0.234471,394,4379,4773
419,2012-02-23,1,1,2,0,4,1,1,45.4167,44.4446,0.554583,0.190913,516,4546,5062
420,2012-02-24,1,1,2,0,5,1,2,40.75,41.09710000000001,0.7375,0.237567,246,3241,3487
421,2012-02-25,1,1,2,0,6,0,1,29.0833,25.5675,0.395833,0.421642,317,2415,2732
422,2012-02-26,1,1,2,0,0,0,1,27.9167,26.8308,0.41,0.205229,515,2874,3389
423,2012-02-27,1,1,2,0,1,1,1,36.6667,35.7954,0.490833,0.268033,253,4069,4322
424,2012-02-28,1,1,2,0,2,1,1,35.9167,35.3525,0.395833,0.193417,229,4134,4363
425,2012-02-29,1,1,2,0,3,1,2,34.4348,34.847,0.804783,0.179117,65,1769,1834
426,2012-03-01,1,1,3,0,4,1,1,48.5833,47.5371,0.615417,0.226987,325,4665,4990
427,2012-03-02,1,1,3,0,5,1,2,35.3333,35.9842,0.657083,0.144904,246,2948,3194
428,2012-03-03,1,1,3,0,6,0,2,41.4167,41.3492,0.62125,0.161079,956,3110,4066
429,2012-03-04,1,1,3,0,0,0,1,32.5833,30.3021,0.403333,0.334571,710,2713,3423
430,2012-03-05,1,1,3,0,1,1,1,24.3333,24.1171,0.50625,0.228858,203,3130,3333
431,2012-03-06,1,1,3,0,2,1,1,25.8333,25.5042,0.456667,0.200875,221,3735,3956
432,2012-03-07,1,1,3,0,3,1,1,40.4167,38.51,0.513333,0.345779,432,4484,4916
433,2012-03-08,1,1,3,0,4,1,1,52.75,52.46039999999999,0.5675,0.441563,486,4896,5382
434,2012-03-09,1,1,3,0,5,1,2,41.0833,39.7083,0.407083,0.4148,447,4122,4569
435,2012-03-10,1,1,3,0,6,0,1,28.75,27.7767,0.35041700000000003,0.22575,968,3150,4118
436,2012-03-11,1,1,3,0,0,0,1,36.1739,35.967,0.476957,0.222587,1658,3253,4911
437,2012-03-12,1,1,3,0,1,1,1,46.6667,45.9592,0.489167,0.207713,838,4460,5298
438,2012-03-13,1,1,3,0,2,1,1,56.49999999999999,54.2929,0.6175,0.23695,762,5085,5847
439,2012-03-14,1,1,3,0,3,1,1,57.25,54.8617,0.507083,0.11506199999999997,997,5315,6312
440,2012-03-15,1,1,3,0,4,1,1,55.75,53.2825,0.579583,0.149883,1005,5187,6192
441,2012-03-16,1,1,3,0,5,1,2,43.5833,43.6229,0.842083,0.113192,548,3830,4378
442,2012-03-17,1,1,3,0,6,0,2,51.41670000000001,50.5046,0.755833,0.110704,3155,4681,7836
443,2012-03-18,1,1,3,0,0,0,2,47.25,46.4,0.81,0.126883,2207,3685,5892
444,2012-03-19,1,1,3,0,1,1,1,54.50000000000001,53.2821,0.72875,0.16231700000000002,982,5171,6153
445,2012-03-20,1,1,3,0,2,1,1,56.0833,53.8533,0.807917,0.121271,1051,5042,6093
446,2012-03-21,2,1,3,0,3,1,2,53.1667,51.3258,0.82125,0.08955830000000001,1122,5108,6230
447,2012-03-22,2,1,3,0,4,1,1,55.4167,53.1567,0.83125,0.117562,1334,5537,6871
448,2012-03-23,2,1,3,0,5,1,2,60.16669999999999,57.0067,0.694167,0.1163,2469,5893,8362
449,2012-03-24,2,1,3,0,6,0,2,50.24999999999999,48.6733,0.885417,0.192783,1033,2339,3372
450,2012-03-25,2,1,3,0,0,0,2,43.75,43.7488,0.880833,0.220775,1532,3464,4996
451,2012-03-26,2,1,3,0,1,1,1,44.5833,43.875,0.477917,0.386821,795,4763,5558
452,2012-03-27,2,1,3,0,2,1,1,32.3333,31.5654,0.29,0.187192,531,4571,5102
453,2012-03-28,2,1,3,0,3,1,1,48.4167,47.095,0.48125,0.291671,674,5024,5698
454,2012-03-29,2,1,3,0,4,1,1,49.41670000000001,48.2304,0.439167,0.31965,834,5299,6133
455,2012-03-30,2,1,3,0,5,1,2,37.0,37.5621,0.580833,0.138067,796,4663,5459
456,2012-03-31,2,1,3,0,6,0,2,42.4167,42.1708,0.738333,0.25061700000000003,2301,3934,6235
457,2012-04-01,2,1,4,0,0,0,2,42.5833,41.7287,0.67625,0.172267,2347,3694,6041
458,2012-04-02,2,1,4,0,1,1,1,43.3913,42.7513,0.5043479999999999,0.312139,1208,4728,5936
459,2012-04-03,2,1,4,0,2,1,1,46.6667,46.1483,0.396667,0.100133,1348,5424,6772
460,2012-04-04,2,1,4,0,3,1,1,54.1667,53.345,0.469583,0.180975,1058,5378,6436
461,2012-04-05,2,1,4,0,4,1,1,43.5,43.1163,0.374167,0.219529,1192,5265,6457
462,2012-04-06,2,1,4,0,5,1,1,40.3333,39.0767,0.377083,0.300388,1807,4653,6460
463,2012-04-07,2,1,4,0,6,0,1,43.75,42.6129,0.25416700000000003,0.274871,3252,3605,6857
464,2012-04-08,2,1,4,0,0,0,1,50.0,49.2425,0.275833,0.232596,2230,2939,5169
465,2012-04-09,2,1,4,0,1,1,1,48.9167,47.6638,0.3175,0.358196,905,4680,5585
466,2012-04-10,2,1,4,0,2,1,1,44.6667,43.6233,0.435,0.249375,819,5099,5918
467,2012-04-11,2,1,4,0,3,1,1,34.8696,33.7274,0.469565,0.295274,482,4380,4862
468,2012-04-12,2,1,4,0,4,1,1,39.75,38.7604,0.46625,0.290429,663,4746,5409
469,2012-04-13,2,1,4,0,5,1,1,44.25,43.1808,0.408333,0.155471,1252,5146,6398
470,2012-04-14,2,1,4,0,6,0,1,49.5,48.7996,0.5029170000000001,0.190917,2795,4665,7460
471,2012-04-15,2,1,4,0,0,0,1,60.6667,57.3875,0.507917,0.225129,2846,4286,7132
472,2012-04-16,2,1,4,1,1,0,1,66.41669999999999,61.49250000000001,0.561667,0.284829,1198,5172,6370
473,2012-04-17,2,1,4,0,2,1,1,60.8333,59.8487,0.390417,0.273629,989,5702,6691
474,2012-04-18,2,1,4,0,3,1,2,46.3333,45.7038,0.569167,0.16791199999999998,347,4020,4367
475,2012-04-19,2,1,4,0,4,1,1,49.8333,49.3046,0.6125,0.0659292,846,5719,6565
476,2012-04-20,2,1,4,0,5,1,1,52.6667,51.5775,0.694583,0.149871,1340,5950,7290
477,2012-04-21,2,1,4,0,6,0,1,56.99999999999999,54.2921,0.682917,0.283587,2541,4083,6624
478,2012-04-22,2,1,4,0,0,0,3,39.6667,38.9504,0.835417,0.344546,120,907,1027
479,2012-04-23,2,1,4,0,1,1,2,32.1667,30.1125,0.766667,0.303496,195,3019,3214
480,2012-04-24,2,1,4,0,2,1,1,41.3333,40.5283,0.454167,0.249383,518,5115,5633
481,2012-04-25,2,1,4,0,3,1,1,47.6667,47.0317,0.427917,0.118792,655,5541,6196
482,2012-04-26,2,1,4,0,4,1,2,49.8333,48.3583,0.756667,0.176625,475,4551,5026
483,2012-04-27,2,1,4,0,5,1,1,45.75,45.2637,0.400833,0.347633,1014,5219,6233
484,2012-04-28,2,1,4,0,6,0,2,37.66670000000001,37.7504,0.489583,0.129975,1120,3100,4220
485,2012-04-29,2,1,4,0,0,0,1,45.8333,45.0121,0.587083,0.116908,2229,4075,6304
486,2012-04-30,2,1,4,0,1,1,2,46.4167,45.7696,0.57,0.171638,665,4907,5572
487,2012-05-01,2,1,5,0,2,1,2,61.3333,57.7021,0.659583,0.156096,653,5087,5740
488,2012-05-02,2,1,5,0,3,1,1,56.4167,53.78960000000001,0.797083,0.138058,667,5502,6169
489,2012-05-03,2,1,5,0,4,1,2,56.00000000000001,53.7242,0.768333,0.133696,764,5657,6421
490,2012-05-04,2,1,5,0,5,1,1,62.74999999999999,59.0917,0.735417,0.162938,1069,5227,6296
491,2012-05-05,2,1,5,0,6,0,2,62.1667,58.4608,0.756667,0.15299200000000002,2496,4387,6883
492,2012-05-06,2,1,5,0,0,0,2,56.25,54.6737,0.74,0.14987899999999998,2135,4224,6359
493,2012-05-07,2,1,5,0,1,1,2,53.75,52.7142,0.664167,0.230721,1008,5265,6273
494,2012-05-08,2,1,5,0,2,1,2,58.16670000000001,55.7471,0.685833,0.296029,738,4990,5728
495,2012-05-09,2,1,5,0,3,1,2,57.49999999999999,55.3025,0.744167,0.216412,620,4097,4717
496,2012-05-10,2,1,5,0,4,1,1,50.5833,49.1783,0.552083,0.31406300000000004,1026,5546,6572
497,2012-05-11,2,1,5,0,5,1,1,53.3333,52.0833,0.360417,0.236937,1319,5711,7030
498,2012-05-12,2,1,5,0,6,0,1,56.4167,54.4817,0.480417,0.123133,2622,4807,7429
499,2012-05-13,2,1,5,0,0,0,1,61.25000000000001,58.5238,0.57625,0.225117,2172,3946,6118
500,2012-05-14,2,1,5,0,1,1,2,57.3333,54.99000000000001,0.789583,0.212692,342,2501,2843
501,2012-05-15,2,1,5,0,2,1,2,61.1667,57.6404,0.794583,0.147392,625,4490,5115
502,2012-05-16,2,1,5,0,3,1,1,63.6667,59.5975,0.697917,0.122512,991,6433,7424
503,2012-05-17,2,1,5,0,4,1,1,59.3333,57.26130000000001,0.52,0.229475,1242,6142,7384
504,2012-05-18,2,1,5,0,5,1,1,56.4167,55.1121,0.523333,0.136817,1521,6118,7639
505,2012-05-19,2,1,5,0,6,0,1,60.0,56.6908,0.45625,0.083975,3410,4884,8294
506,2012-05-20,2,1,5,0,0,0,1,62.0833,58.3967,0.530417,0.254367,2704,4425,7129
507,2012-05-21,2,1,5,0,1,1,2,59.8333,56.5667,0.81125,0.233204,630,3729,4359
508,2012-05-22,2,1,5,0,2,1,2,61.5,58.0825,0.765833,0.118167,819,5254,6073
509,2012-05-23,2,1,5,0,3,1,2,62.1667,58.46120000000001,0.774583,0.102,766,4494,5260
510,2012-05-24,2,1,5,0,4,1,1,65.5,60.67,0.716667,0.172896,1059,5711,6770
511,2012-05-25,2,1,5,0,5,1,1,68.0,62.7529,0.7470829999999999,0.14055,1417,5317,6734
512,2012-05-26,2,1,5,0,6,0,1,69.25,64.26960000000001,0.7325,0.198992,2855,3681,6536
513,2012-05-27,2,1,5,0,0,0,1,69.0,64.1425,0.697083,0.215171,3283,3308,6591
514,2012-05-28,2,1,5,1,1,0,1,71.25,67.93,0.67625,0.196521,2557,3486,6043
515,2012-05-29,2,1,5,0,2,1,1,72.25,67.2992,0.6845829999999999,0.2954,880,4863,5743
516,2012-05-30,2,1,5,0,3,1,2,65.6667,61.1129,0.67,0.134329,745,6110,6855
517,2012-05-31,2,1,5,0,4,1,1,68.0,63.13290000000001,0.492917,0.195279,1100,6238,7338
518,2012-06-01,2,1,6,0,5,1,2,65.4167,60.7962,0.755417,0.237563,533,3594,4127
519,2012-06-02,2,1,6,0,6,0,1,58.3333,56.6288,0.549167,0.186562,2795,5325,8120
520,2012-06-03,2,1,6,0,0,0,1,60.25,57.5133,0.493333,0.184087,2494,5147,7641
521,2012-06-04,2,1,6,0,1,1,1,59.75,57.8283,0.487083,0.284833,1071,5927,6998
522,2012-06-05,2,1,6,0,2,1,2,54.0833,52.58920000000001,0.613333,0.209575,968,6033,7001
523,2012-06-06,2,1,6,0,3,1,1,55.4167,54.2292,0.61125,0.077125,1027,6028,7055
524,2012-06-07,2,1,6,0,4,1,1,60.25,56.9442,0.567083,0.15735,1038,6456,7494
525,2012-06-08,2,1,6,0,5,1,1,64.9167,59.7862,0.467917,0.17538299999999998,1488,6248,7736
526,2012-06-09,2,1,6,0,6,0,1,71.08330000000002,64.83670000000001,0.437083,0.144287,2708,4790,7498
527,2012-06-10,2,1,6,0,0,0,1,72.66669999999998,66.35170000000001,0.538333,0.133721,2224,4374,6598
528,2012-06-11,2,1,6,0,1,1,2,72.0833,65.9721,0.587917,0.207713,1017,5647,6664
529,2012-06-12,2,1,6,0,2,1,2,65.3333,59.7875,0.833333,0.214546,477,4495,4972
530,2012-06-13,2,1,6,0,3,1,1,65.5833,61.1117,0.582083,0.343279,1173,6248,7421
531,2012-06-14,2,1,6,0,4,1,1,64.83330000000001,62.43830000000001,0.569583,0.253733,1180,6183,7363
532,2012-06-15,2,1,6,0,5,1,1,63.91670000000001,59.9754,0.589583,0.176617,1563,6102,7665
533,2012-06-16,2,1,6,0,6,0,1,63.1667,59.4708,0.504167,0.166667,2963,4739,7702
534,2012-06-17,2,1,6,0,0,0,1,59.25,57.1975,0.59875,0.144904,2634,4344,6978
535,2012-06-18,2,1,6,0,1,1,2,56.8333,54.4842,0.777917,0.174746,653,4446,5099
536,2012-06-19,2,1,6,0,2,1,1,68.8333,65.4692,0.69,0.148017,968,5857,6825
537,2012-06-20,2,1,6,0,3,1,1,78.25,72.0975,0.592083,0.11381199999999997,872,5339,6211
538,2012-06-21,3,1,6,0,4,1,1,80.58330000000002,75.2542,0.567917,0.118787,778,5127,5905
539,2012-06-22,3,1,6,0,5,1,1,77.75,72.4121,0.57375,0.182842,964,4859,5823
540,2012-06-23,3,1,6,0,6,0,1,73.16669999999998,65.2792,0.534583,0.179721,2657,4801,7458
541,2012-06-24,3,1,6,0,0,0,1,74.33330000000002,67.4254,0.479167,0.145525,2551,4340,6891
542,2012-06-25,3,1,6,0,1,1,1,71.5833,65.4042,0.504167,0.300383,1139,5640,6779
543,2012-06-26,3,1,6,0,2,1,1,63.0833,59.4704,0.373333,0.347642,1077,6365,7442
544,2012-06-27,3,1,6,0,3,1,1,69.75,64.0792,0.36,0.271775,1077,6258,7335
545,2012-06-28,3,1,6,0,4,1,1,74.9167,67.5512,0.4225,0.17165,921,5958,6879
546,2012-06-29,3,1,6,0,5,1,1,83.4167,78.6613,0.48875,0.165417,829,4634,5463
547,2012-06-30,3,1,6,0,6,0,1,76.5,68.7508,0.60125,0.161071,1455,4232,5687
548,2012-07-01,3,1,7,0,0,0,1,81.58330000000002,75.0629,0.51875,0.16852899999999998,1421,4110,5531
549,2012-07-02,3,1,7,0,1,1,1,78.1667,70.2038,0.447083,0.195267,904,5323,6227
550,2012-07-03,3,1,7,0,2,1,1,78.0833,70.265,0.492083,0.126237,1052,5608,6660
551,2012-07-04,3,1,7,1,3,0,1,78.91669999999998,73.2337,0.53875,0.13495,2562,4841,7403
552,2012-07-05,3,1,7,0,4,1,1,82.75,76.1367,0.457917,0.194029,1405,4836,6241
553,2012-07-06,3,1,7,0,5,1,1,82.8333,75.2533,0.450833,0.146142,1366,4841,6207
554,2012-07-07,3,1,7,0,6,0,1,86.16669999999998,80.4913,0.492083,0.163554,1448,3392,4840
555,2012-07-08,3,1,7,0,0,0,1,82.25,79.0396,0.57375,0.125629,1203,3469,4672
556,2012-07-09,3,1,7,0,1,1,2,71.08330000000002,65.4054,0.683333,0.180975,998,5571,6569
557,2012-07-10,3,1,7,0,2,1,2,72.0833,66.4796,0.6675,0.15173699999999998,954,5336,6290
558,2012-07-11,3,1,7,0,3,1,1,71.6667,65.0271,0.633333,0.15173299999999998,975,6289,7264
559,2012-07-12,3,1,7,0,4,1,1,71.5833,65.4683,0.529583,0.146775,1032,6414,7446
560,2012-07-13,3,1,7,0,5,1,2,73.16669999999998,66.7933,0.485833,0.08085,1511,5988,7499
561,2012-07-14,3,1,7,0,6,0,2,70.3333,66.6042,0.699167,0.143679,2355,4614,6969
562,2012-07-15,3,1,7,0,0,0,1,74.5833,70.51960000000003,0.717917,0.166667,1920,4111,6031
563,2012-07-16,3,1,7,0,1,1,1,76.33330000000002,72.41250000000002,0.645,0.164187,1088,5742,6830
564,2012-07-17,3,1,7,0,2,1,1,81.8333,75.5683,0.505833,0.114429,921,5865,6786
565,2012-07-18,3,1,7,0,3,1,1,79.3333,74.5583,0.577083,0.137442,799,4914,5713
566,2012-07-19,3,1,7,0,4,1,1,77.0,71.4642,0.600417,0.165429,888,5703,6591
567,2012-07-20,3,1,7,0,5,1,2,66.5833,61.3025,0.844167,0.208967,747,5123,5870
568,2012-07-21,3,1,7,0,6,0,3,59.5833,54.99119999999999,0.865417,0.2133,1264,3195,4459
569,2012-07-22,3,1,7,0,0,0,2,66.75,62.31250000000001,0.7625,0.0939208,2544,4866,7410
570,2012-07-23,3,1,7,0,1,1,1,74.16669999999998,69.0017,0.694167,0.138683,1135,5831,6966
571,2012-07-24,3,1,7,0,2,1,1,75.0833,70.645,0.655,0.211454,1140,6452,7592
572,2012-07-25,3,1,7,0,3,1,1,72.4167,65.4054,0.45,0.1648,1383,6790,8173
573,2012-07-26,3,1,7,0,4,1,1,77.6667,73.9263,0.5966670000000001,0.28481300000000004,1036,5825,6861
574,2012-07-27,3,1,7,0,5,1,1,78.1667,73.4217,0.594583,0.15299200000000002,1259,5645,6904
575,2012-07-28,3,1,7,0,6,0,1,75.5833,69.7604,0.613333,0.15735,2234,4451,6685
576,2012-07-29,3,1,7,0,0,0,1,72.1667,66.7933,0.62375,0.170396,2153,4444,6597
577,2012-07-30,3,1,7,0,1,1,1,73.0833,68.4987,0.66875,0.153617,1040,6065,7105
578,2012-07-31,3,1,7,0,2,1,1,71.3333,66.28960000000001,0.704167,0.165425,968,6248,7216
579,2012-08-01,3,1,8,0,3,1,1,71.75,66.7308,0.6775,0.141179,1074,6506,7580
580,2012-08-02,3,1,8,0,4,1,1,75.25,70.70880000000002,0.659583,0.129354,983,6278,7261
581,2012-08-03,3,1,8,0,5,1,2,76.5833,72.28670000000002,0.6425,0.215792,1328,5847,7175
582,2012-08-04,3,1,8,0,6,0,1,79.3333,75.1267,0.613333,0.257458,2345,4479,6824
583,2012-08-05,3,1,8,0,0,0,1,76.9167,73.1079,0.6525,0.290421,1707,3757,5464
584,2012-08-06,3,1,8,0,1,1,2,75.25,71.0246,0.654167,0.129354,1233,5780,7013
585,2012-08-07,3,1,8,0,2,1,2,73.5833,69.7621,0.70375,0.116908,1278,5995,7273
586,2012-08-08,3,1,8,0,3,1,2,75.0,70.77170000000002,0.672917,0.1107,1263,6271,7534
587,2012-08-09,3,1,8,0,4,1,1,75.5833,69.9508,0.620417,0.1561,1196,6090,7286
588,2012-08-10,3,1,8,0,5,1,2,71.5833,66.7942,0.7158329999999999,0.238813,1065,4721,5786
589,2012-08-11,3,1,8,0,6,0,2,69.25,63.8267,0.732917,0.206479,2247,4052,6299
590,2012-08-12,3,1,8,0,0,0,1,70.08330000000001,64.4579,0.530417,0.122512,2182,4362,6544
591,2012-08-13,3,1,8,0,1,1,1,72.0833,66.22540000000001,0.545417,0.136212,1207,5676,6883
592,2012-08-14,3,1,8,0,2,1,1,72.66669999999998,67.67790000000001,0.686667,0.169158,1128,5656,6784
593,2012-08-15,3,1,8,0,3,1,1,70.6667,65.4037,0.619583,0.169771,1198,6149,7347
594,2012-08-16,3,1,8,0,4,1,1,71.9167,65.4688,0.519167,0.141796,1338,6267,7605
595,2012-08-17,3,1,8,0,5,1,1,72.3333,24.24,0.570833,0.231354,1483,5665,7148
596,2012-08-18,3,1,8,0,6,0,1,67.8333,61.80710000000001,0.603333,0.177867,2827,5038,7865
597,2012-08-19,3,1,8,0,0,0,2,63.5833,60.3554,0.711667,0.08645,1208,3341,4549
598,2012-08-20,3,1,8,0,1,1,2,63.5833,59.59670000000001,0.734167,0.12997899999999998,1026,5504,6530
599,2012-08-21,3,1,8,0,2,1,1,64.9167,60.102500000000006,0.67375,0.07277080000000001,1081,5925,7006
600,2012-08-22,3,1,8,0,3,1,1,66.75,62.1854,0.677083,0.0702833,1094,6281,7375
601,2012-08-23,3,1,8,0,4,1,1,69.58330000000001,63.7008,0.635833,0.08459580000000001,1363,6402,7765
602,2012-08-24,3,1,8,0,5,1,2,70.25,64.71000000000001,0.615,0.07214580000000001,1325,6257,7582
603,2012-08-25,3,1,8,0,6,0,2,66.1667,61.86960000000001,0.712917,0.244408,1829,4224,6053
604,2012-08-26,3,1,8,0,0,0,2,65.3333,59.5996,0.845833,0.228858,1483,3772,5255
605,2012-08-27,3,1,8,0,1,1,1,70.3333,65.4688,0.730417,0.128733,989,5928,6917
606,2012-08-28,3,1,8,0,2,1,1,72.8333,66.605,0.62,0.190925,935,6105,7040
607,2012-08-29,3,1,8,0,3,1,1,68.5,63.5733,0.552083,0.112562,1177,6520,7697
608,2012-08-30,3,1,8,0,4,1,1,70.6667,65.2779,0.590417,0.0771167,1172,6541,7713
609,2012-08-31,3,1,8,0,5,1,1,76.4167,68.94,0.5875,0.168533,1433,5917,7350
610,2012-09-01,3,1,9,0,6,0,2,75.33330000000002,70.2654,0.638333,0.113187,2352,3788,6140
611,2012-09-02,3,1,9,0,0,0,2,69.6667,64.9,0.815,0.06407080000000001,2613,3197,5810
612,2012-09-03,3,1,9,1,1,0,1,70.75,66.16290000000001,0.790833,0.151121,1965,4069,6034
613,2012-09-04,3,1,9,0,2,1,1,72.5833,68.6888,0.755,0.236321,867,5997,6864
614,2012-09-05,3,1,9,0,3,1,1,73.66669999999998,70.8983,0.74125,0.187808,832,6280,7112
615,2012-09-06,3,1,9,0,4,1,2,69.6667,65.53290000000001,0.810417,0.142421,611,5592,6203
616,2012-09-07,3,1,9,0,5,1,1,70.3333,65.7204,0.73625,0.171646,1045,6459,7504
617,2012-09-08,3,1,9,0,6,0,2,65.9167,61.11210000000001,0.799167,0.281104,1557,4419,5976
618,2012-09-09,3,1,9,0,0,0,1,61.0,57.89250000000001,0.5475,0.224496,2570,5657,8227
619,2012-09-10,3,1,9,0,1,1,1,58.3333,56.5654,0.50375,0.258713,1118,6407,7525
620,2012-09-11,3,1,9,0,2,1,1,57.75,55.4292,0.52,0.0920542,1070,6697,7767
621,2012-09-12,3,1,9,0,3,1,1,59.9167,57.0075,0.577083,0.131846,1050,6820,7870
622,2012-09-13,3,1,9,0,4,1,1,61.25000000000001,57.9558,0.637083,0.08272080000000001,1054,6750,7804
623,2012-09-14,3,1,9,0,5,1,1,63.3333,59.4083,0.6725,0.103863,1379,6630,8009
624,2012-09-15,3,1,9,0,6,0,1,60.8333,58.5867,0.501667,0.247521,3160,5554,8714
625,2012-09-16,3,1,9,0,0,0,1,57.99999999999999,56.3125,0.57,0.0901833,2166,5167,7333
626,2012-09-17,3,1,9,0,1,1,2,58.0833,55.30500000000001,0.734583,0.15174200000000002,1022,5847,6869
627,2012-09-18,3,1,9,0,2,1,2,62.3333,56.5067,0.8725,0.357587,371,3702,4073
628,2012-09-19,3,1,9,0,3,1,1,55.25,54.0404,0.536667,0.215175,788,6803,7591
629,2012-09-20,3,1,9,0,4,1,1,54.6667,53.2192,0.618333,0.118167,939,6781,7720
630,2012-09-21,3,1,9,0,5,1,1,59.9167,57.1971,0.66875,0.154229,1250,6917,8167
631,2012-09-22,3,1,9,0,6,0,1,65.0,61.0488,0.646667,0.283583,2512,5883,8395
632,2012-09-23,4,1,9,0,0,0,1,52.91670000000001,51.8933,0.467083,0.223258,2454,5453,7907
633,2012-09-24,4,1,9,0,1,1,1,51.41670000000001,50.2513,0.492917,0.142404,1001,6435,7436
634,2012-09-25,4,1,9,0,2,1,1,55.00000000000001,54.4179,0.57,0.236321,845,6693,7538
635,2012-09-26,4,1,9,0,3,1,1,63.5,59.6613,0.630833,0.2444,787,6946,7733
636,2012-09-27,4,1,9,0,4,1,2,65.0,60.79750000000001,0.690833,0.13434200000000002,751,6642,7393
637,2012-09-28,4,1,9,0,5,1,2,61.91670000000001,58.5863,0.69,0.164179,1045,6370,7415
638,2012-09-29,4,1,9,0,6,0,1,54.25,53.0296,0.542917,0.227604,2589,5966,8555
639,2012-09-30,4,1,9,0,0,0,1,52.6667,51.7663,0.583333,0.134958,2015,4874,6889
640,2012-10-01,4,1,10,0,1,1,2,52.0833,51.2,0.649167,0.0908042,763,6015,6778
641,2012-10-02,4,1,10,0,2,1,3,59.0833,54.23329999999999,0.871667,0.104475,315,4324,4639
642,2012-10-03,4,1,10,0,3,1,2,65.75,59.9133,0.79375,0.0665458,728,6844,7572
643,2012-10-04,4,1,10,0,4,1,2,65.75,60.79750000000001,0.722917,0.117546,891,6437,7328
644,2012-10-05,4,1,10,0,5,1,1,61.5,58.0187,0.6275,0.10635,1516,6640,8156
645,2012-10-06,4,1,10,0,6,0,1,55.4167,53.8521,0.664167,0.268025,3031,4934,7965
646,2012-10-07,4,1,10,0,0,0,2,41.5833,41.9813,0.708333,0.14116199999999998,781,2729,3510
647,2012-10-08,4,1,10,1,1,0,2,38.3333,38.7608,0.709583,0.189679,874,4604,5478
648,2012-10-09,4,1,10,0,2,1,2,44.6667,43.8112,0.761667,0.1903,601,5791,6392
649,2012-10-10,4,1,10,0,3,1,1,51.41670000000001,50.3142,0.630833,0.187821,780,6911,7691
650,2012-10-11,4,1,10,0,4,1,1,43.5,43.1167,0.463333,0.181596,834,6736,7570
651,2012-10-12,4,1,10,0,5,1,1,43.75,43.3071,0.539167,0.235092,1060,6222,7282
652,2012-10-13,4,1,10,0,6,0,1,39.3333,39.1396,0.494583,0.146142,2252,4857,7109
653,2012-10-14,4,1,10,0,0,0,1,52.1667,50.8204,0.640417,0.278612,2080,4559,6639
654,2012-10-15,4,1,10,0,1,1,2,56.16670000000001,53.915,0.7075,0.296037,760,5115,5875
655,2012-10-16,4,1,10,0,2,1,1,46.8333,46.0846,0.558333,0.182221,922,6612,7534
656,2012-10-17,4,1,10,0,3,1,1,45.5833,45.0108,0.692917,0.101371,979,6482,7461
657,2012-10-18,4,1,10,0,4,1,2,52.25,51.2625,0.728333,0.236937,1008,6501,7509
658,2012-10-19,4,1,10,0,5,1,2,56.3333,53.78960000000001,0.815,0.134954,753,4671,5424
659,2012-10-20,4,1,10,0,6,0,1,48.4167,47.2842,0.572917,0.117537,2806,5284,8090
660,2012-10-21,4,1,10,0,0,0,1,46.4167,45.6429,0.51,0.166054,2132,4692,6824
661,2012-10-22,4,1,10,0,1,1,1,48.75,48.2942,0.568333,0.08148330000000001,830,6228,7058
662,2012-10-23,4,1,10,0,2,1,1,54.4167,53.0304,0.641667,0.0945458,841,6625,7466
663,2012-10-24,4,1,10,0,3,1,1,58.75,55.8721,0.63625,0.07277919999999999,795,6898,7693
664,2012-10-25,4,1,10,0,4,1,2,55.00000000000001,52.9688,0.800417,0.124375,875,6484,7359
665,2012-10-26,4,1,10,0,5,1,2,54.5833,52.27500000000001,0.807083,0.132467,1182,6262,7444
666,2012-10-27,4,1,10,0,6,0,2,53.0,51.5133,0.72,0.235692,2643,5209,7852
667,2012-10-28,4,1,10,0,0,0,2,47.75,46.7771,0.694583,0.398008,998,3461,4459
668,2012-10-29,4,1,10,0,1,1,3,44.0,43.94,0.88,0.3582,2,20,22
669,2012-10-30,4,1,10,0,2,1,2,31.8182,30.9909,0.8254549999999999,0.213009,87,1009,1096
670,2012-10-31,4,1,10,0,3,1,2,35.75,36.11,0.666667,0.166667,419,5147,5566
671,2012-11-01,4,1,11,0,4,1,2,36.5833,36.9942,0.581667,0.157346,466,5520,5986
672,2012-11-02,4,1,11,0,5,1,1,35.5,35.60420000000001,0.522083,0.266175,618,5229,5847
673,2012-11-03,4,1,11,0,6,0,2,34.3333,32.3846,0.49125,0.270529,1029,4109,5138
674,2012-11-04,4,1,11,0,0,0,1,32.5833,32.9538,0.532917,0.179108,1201,3906,5107
675,2012-11-05,4,1,11,0,1,1,1,31.9167,30.8075,0.494167,0.236325,378,4881,5259
676,2012-11-06,4,1,11,0,2,1,1,28.0833,28.1567,0.567083,0.173513,466,5220,5686
677,2012-11-07,4,1,11,0,3,1,2,29.5833,27.4621,0.5475,0.304108,326,4709,5035
678,2012-11-08,4,1,11,0,4,1,1,35.2174,34.1891,0.333478,0.347835,340,4975,5315
679,2012-11-09,4,1,11,0,5,1,1,36.1667,35.54130000000001,0.540833,0.214558,709,5283,5992
680,2012-11-10,4,1,11,0,6,0,1,38.9167,39.3937,0.645417,0.05784580000000001,2090,4446,6536
681,2012-11-11,4,1,11,0,0,0,1,42.0833,42.1713,0.6591670000000001,0.1275,2290,4562,6852
682,2012-11-12,4,1,11,1,1,0,1,48.5,47.5383,0.741667,0.173517,1097,5172,6269
683,2012-11-13,4,1,11,0,2,1,2,34.3333,32.3225,0.662917,0.342046,327,3767,4094
684,2012-11-14,4,1,11,0,3,1,1,28.9167,28.1563,0.552083,0.199625,373,5122,5495
685,2012-11-15,4,1,11,0,4,1,2,32.1667,32.4492,0.620417,0.15298699999999998,320,5125,5445
686,2012-11-16,4,1,11,0,5,1,1,34.5,34.7204,0.524583,0.171025,484,5214,5698
687,2012-11-17,4,1,11,0,6,0,1,32.5,32.6383,0.545417,0.179729,1313,4316,5629
688,2012-11-18,4,1,11,0,0,0,1,34.25,33.7746,0.692917,0.227612,922,3747,4669
689,2012-11-19,4,1,11,0,1,1,2,38.0833,37.5621,0.623333,0.235067,449,5050,5499
690,2012-11-20,4,1,11,0,2,1,2,37.41670000000001,38.0667,0.685,0.082725,534,5100,5634
691,2012-11-21,4,1,11,0,3,1,1,35.3333,36.4892,0.61375,0.103246,615,4531,5146
692,2012-11-22,4,1,11,1,4,0,1,34.0,35.037099999999995,0.580417,0.05287080000000001,955,1470,2425
693,2012-11-23,4,1,11,0,5,1,1,36.8333,37.8779,0.56875,0.148021,1603,2307,3910
694,2012-11-24,4,1,11,0,6,0,1,27.8333,24.8742,0.404583,0.376871,532,1745,2277
695,2012-11-25,4,1,11,0,0,0,1,24.5833,25.7583,0.468333,0.1505,309,2115,2424
696,2012-11-26,4,1,11,0,1,1,1,31.3333,33.9004,0.535417,0.04665,337,4750,5087
697,2012-11-27,4,1,11,0,2,1,2,29.1667,28.1558,0.786667,0.237562,123,3836,3959
698,2012-11-28,4,1,11,0,3,1,1,29.6667,28.976199999999995,0.50625,0.210821,198,5062,5260
699,2012-11-29,4,1,11,0,4,1,1,28.087,29.8422,0.555652,0.115522,243,5080,5323
700,2012-11-30,4,1,11,0,5,1,1,29.8333,32.386700000000005,0.649583,0.05847080000000001,362,5306,5668
701,2012-12-01,4,1,12,0,6,0,2,29.8333,31.6904,0.806667,0.059704199999999985,951,4240,5191
702,2012-12-02,4,1,12,0,0,0,2,34.75,35.9208,0.823333,0.124379,892,3757,4649
703,2012-12-03,4,1,12,0,1,1,1,45.25,45.5796,0.7675,0.08272080000000001,555,5679,6234
704,2012-12-04,4,1,12,0,2,1,1,47.5833,46.9054,0.73375,0.174129,551,6055,6606
705,2012-12-05,4,1,12,0,3,1,1,43.8333,42.8012,0.485,0.324021,331,5398,5729
706,2012-12-06,4,1,12,0,4,1,1,25.5833,25.8204,0.50875,0.174754,340,5035,5375
707,2012-12-07,4,1,12,0,5,1,2,32.0833,32.1958,0.764167,0.1306,349,4659,5008
708,2012-12-08,4,1,12,0,6,0,2,38.16670000000001,38.9508,0.91125,0.101379,1153,4429,5582
709,2012-12-09,4,1,12,0,0,0,2,38.4167,39.0146,0.905417,0.157975,441,2787,3228
710,2012-12-10,4,1,12,0,1,1,2,43.5833,43.5575,0.925,0.190308,329,4841,5170
711,2012-12-11,4,1,12,0,2,1,2,35.3333,33.8363,0.5966670000000001,0.296037,282,5219,5501
712,2012-12-12,4,1,12,0,3,1,2,29.75,29.7338,0.538333,0.162937,310,5009,5319
713,2012-12-13,4,1,12,0,4,1,1,29.5833,29.4188,0.485833,0.174129,425,5107,5532
714,2012-12-14,4,1,12,0,5,1,1,28.1667,29.4192,0.642917,0.13122899999999998,429,5182,5611
715,2012-12-15,4,1,12,0,6,0,1,32.4167,33.8383,0.650417,0.10635,767,4280,5047
716,2012-12-16,4,1,12,0,0,0,2,36.25,36.9938,0.83875,0.100742,538,3248,3786
717,2012-12-17,4,1,12,0,1,1,2,39.3333,40.15000000000001,0.907083,0.0982583,212,4373,4585
718,2012-12-18,4,1,12,0,2,1,1,41.0833,40.9708,0.66625,0.221404,433,5124,5557
719,2012-12-19,4,1,12,0,3,1,1,33.25,34.21619999999999,0.625417,0.184092,333,4934,5267
720,2012-12-20,4,1,12,0,4,1,2,33.0,33.5217,0.667917,0.132463,314,3814,4128
721,2012-12-21,1,1,12,0,5,1,2,32.6667,30.1767,0.556667,0.374383,221,3402,3623
722,2012-12-22,1,1,12,0,6,0,1,26.5833,23.6113,0.44125,0.407346,205,1544,1749
723,2012-12-23,1,1,12,0,0,0,1,24.5833,25.9471,0.515417,0.13308299999999998,408,1379,1787
724,2012-12-24,1,1,12,0,1,1,2,23.1304,25.89,0.791304,0.07723039999999999,174,746,920
725,2012-12-25,1,1,12,1,2,0,2,29.1304,29.446500000000004,0.734783,0.168726,440,573,1013
726,2012-12-26,1,1,12,0,3,1,3,24.3333,22.0333,0.823333,0.316546,9,432,441
727,2012-12-27,1,1,12,0,4,1,2,25.4167,22.6642,0.652917,0.350133,247,1867,2114
728,2012-12-28,1,1,12,0,5,1,2,25.3333,25.5046,0.59,0.155471,644,2451,3095
729,2012-12-29,1,1,12,0,6,0,2,25.3333,24.24,0.7529170000000001,0.124383,159,1182,1341
730,2012-12-30,1,1,12,0,0,0,1,25.5833,23.17,0.483333,0.350754,364,1432,1796
731,2012-12-31,1,1,12,0,1,1,2,21.5833,22.3487,0.5775,0.154846,439,2290,2729
